Student ID, GitHub Account
r10943108,Luo-Yun-Rong
b08901105,ghdftff542
b08901136,j09188
b06507027,zwis-chen
b06901079,ChilsonJ
b06901133,
b07505026,EricTtTtT
b07901005,
b07901012,tropurchan
b07901020,Eddie6382
b07901047,
b07901048,Je-Wei-Chuang
b07901054,
b07901056,kevinchang73
b07901063,
b07901067,Whyu1125
b07901075,pseudo-aloha
b07901078,Ablabla0403
b07901103,HHHUUUGGGOOO
b07901107,
b07901135,allen1236
b07901174,
b06705059,asdzx5812
r10921096,ZhengZongXU
r10921104,mcgeeyao
r08921124,
r09941081,
d10943013,1z2s3e4v
r09943182,lienhsien
r09943186,HeHH1329
r10943089,yenyuuuuu
r10943090,
r10943092,ChunYu-Wei
r10943093,Hank421
r10943095,b06901161
r10943096,MSChung
r10943098,leechungchia
r10943099,ceKyleLee
r10943100,JoshuaLin0903
r10943101,billy861230
r10943102,gordon0813
r10943107,harichou0616
r10943109,mirkat1206
r10943138,
r10943146,lindream88
r10943147,
r10943151,
r10943153,lesley880813
r10943160,Gao-Jun-Yi
r10943169,R10943169
r10943170,
r08943149,yyt0126
r09943001,
r09943147,da-yeh
r08943064,
r05943167,
r10943171,YanjenChen(matches4453)
r10942150,eric0219c